Absolute magnitude,Albedo,Number of observations,Observation arc length,Orbital eccentricity,Orbital inclination,Orbital period,Asteroid diameter,Asteroid class
18.1,0.041,15,2.0,0.2015903215298037,11.97579993455098,3.9122981317516,1.573,MBA
12.5,0.139,349,7208.0,0.0327463121840953,8.79388300402462,11.9426681831968,12.355,TJN
14.1,0.062,705,25309.0,0.1793143045291212,27.43396015185154,5.74945188941307,8.862,OMB
16.9,0.097,91,3805.0,0.0661141423247809,13.81384511855406,4.59298155148953,2.139,MBA
11.5,0.062,1300,9606.0,0.0088239386701199,5.595907268711261,12.0060956876719,30.763,TJN
12.6,0.116,413,8028.0,0.0656539147295554,7.956872519779806,11.7154872183447,12.921,TJN
16.5,0.061,76,4428.0,0.0935795502021724,15.53565511196459,5.82916580582439,3.086,OMB
12.1,0.086,606,8397.0,0.1445555756741383,6.475173433833027,12.1116227495171,17.245,TJN
13.5,0.069,933,11571.0,0.2203753589857137,14.17368532172356,5.75177620354455,10.864,OMB
15.3,0.06,234,5766.0,0.1322194604863907,8.572174135298399,5.85732559591916,5.409,OMB
14.8,0.038,252,6933.0,0.1120243340519369,9.952617713229747,6.28173377630709,7.862,OMB
15.4,0.047,255,7062.0,0.1791228232274152,5.965052149441375,5.73529381849185,5.12,OMB
13.0,0.108,240,6816.0,0.0292908863839933,18.72768372236035,11.8729963615225,10.635,TJN
14.8,0.058,456,6176.0,0.0394592889864724,10.36284653089471,5.85406622923891,6.564,OMB
15.5,0.08,198,7229.0,0.247932415919285,30.21183395555777,4.14190051064044,4.289,MBA
12.8,0.059,296,8003.0,0.0450736326284498,7.90564522084595,11.9987140473157,15.784,TJN
14.3,0.044,479,8332.0,0.123065068966685,8.803553250839991,6.27526522683435,9.109,OMB
11.2,0.087,1199,15602.0,0.0402216354020758,13.65985197847479,11.954994296078,25.942,TJN
16.9,0.076,170,6329.0,0.1533425777409233,10.5284700645496,4.10846153414652,2.101,MBA
12.9,0.115,170,6034.0,0.0369643619869291,10.57316555571229,11.7705739600657,11.294,TJN
15.3,0.049,163,8389.0,0.1059956945970444,18.87892708792981,5.85680906008441,5.709,OMB
15.3,0.058,233,6344.0,0.0929550058425868,9.504227671932869,5.33695449967736,5.257,MBA
13.9,0.042,87,8409.0,0.0560261645581847,6.624802383769274,11.8199231053138,11.257,TJN
14.4,0.062,310,6669.0,0.1810010338944479,22.21632900362151,5.78890644664486,8.445,OMB
14.7,0.058,195,6935.0,0.0583893776001083,15.33045059645222,6.22004198890708,6.324,OMB
12.3,0.076,364,7239.0,0.0561604842986019,26.00741056485789,11.8152088372426,19.204,TJN
11.9,0.064,1049,9975.0,0.0656186346148411,2.763268955667886,11.675312244111,22.988,TJN
16.2,0.064,58,2800.0,0.2464344730397098,29.78698444349631,5.40138844704515,3.16,MBA
12.2,0.073,627,13171.0,0.0734052465356425,11.41675473462015,11.7790561953665,18.692,TJN
15.0,0.069,416,6640.0,0.0947775844879765,9.974171520444465,5.84200636734977,6.38,OMB
13.9,0.126,94,6783.0,0.1930440941370794,8.631746723829181,11.9415280220547,5.404,TJN
11.5,0.092,877,10043.0,0.0511712931284426,18.5102300057559,11.7386116090271,23.01,TJN
16.4,0.228,359,9594.0,0.1048394726866546,6.556033939224699,3.6254626049788,1.53,MBA
15.1,0.079,160,6206.0,0.1350488286712077,27.25073560850326,5.75585827394997,4.319,OMB
14.0,0.052,114,3954.0,0.1046917239304932,3.341401986644732,12.3007958062749,9.253,TJN
15.6,0.04,206,6213.0,0.1210571601762161,12.01763289310994,5.79345400892824,5.26,OMB
16.3,0.045,312,8112.0,0.2738856379825262,11.05698579712217,4.32943113955887,2.953,MBA
12.5,0.105,342,7196.0,0.0359021034812564,10.10936172550494,12.2849794046515,13.613,TJN
16.5,0.077,176,6163.0,0.1246076223857919,8.984485296026746,4.38426267655,2.506,MBA
12.6,0.03,1686,14295.0,0.1659422017812578,10.91404218153125,5.61889059413212,19.211,MBA
13.1,0.063,215,6439.0,0.0689912998636951,19.45785185345586,11.4702166921668,12.653,TJN
14.6,0.048,496,6629.0,0.0910905802304665,23.36000676548264,5.85772233332299,7.971,OMB
13.8,0.061,729,6735.0,0.0554879375803627,22.41603035048336,5.82641412706419,10.776,OMB
11.8,0.078,923,10390.0,0.066945498786225,3.604235653425547,12.0460927106948,18.951,TJN
16.5,0.218,265,5667.0,0.1154699594493923,23.69810175431686,3.5090130677103,1.564,MBA
17.0,0.034,57,4872.0,0.233908571837074,5.232026217953412,5.73745752925037,2.269,OMB
11.18,0.082,2754,32258.0,0.3716683176427407,24.22739478807608,5.76671535319886,26.936,OMB
14.0,0.275,984,10138.0,0.0377340363905722,11.99168839060325,5.04742930516675,4.402,MBA
13.5,0.249,1654,13288.0,0.1043607149036438,5.162593064672182,4.3238142949474,5.232,MBA
14.5,0.063,865,11090.0,0.2080462683731276,1.676554675614516,5.63396018336718,6.681,MBA
14.0,0.037,804,8271.0,0.0489674805422783,4.332297900374589,6.31977061807742,9.492,OMB
15.1,0.133,386,9364.0,0.0573462944090214,12.1535150884587,5.49621533021477,3.996,MBA
17.1,0.064,77,8326.0,0.0803924310852059,5.430054078837824,4.70827653639392,2.64,MBA
11.3,0.049,2072,15954.0,0.0703858842253169,18.69933846606597,5.74666365191197,32.685,OMB
11.6,0.053,942,15205.0,0.074884470989863,3.838824056435423,12.041590114405,27.554,TJN
15.2,0.062,245,7595.0,0.1854286025681557,27.02528588333281,5.75850532673744,5.116,OMB
12.3,0.062,537,8037.0,0.1616846084301915,3.969222737331424,11.7750259839137,21.294,TJN
15.3,0.06,359,6344.0,0.1584361379852899,12.562570559,5.35692250369893,5.66,MBA
12.5,0.072,490,10363.0,0.0823628275272653,3.531764333175685,12.2618459907308,15.676,TJN
12.0,0.157,831,12072.0,0.086379411602115,12.07386014524516,11.7944871194993,13.978,TJN
16.3,0.041,79,3954.0,0.054923695313229,19.4001315378101,5.8058428906426,3.977,OMB
16.1,0.053,272,6079.0,0.144808095153413,7.540461054143554,4.49281558879802,3.473,MBA
11.8,0.069,725,23517.0,0.0118801428958465,24.14968024200428,11.8841215619886,25.351,TJN
15.9,0.047,88,5732.0,0.0535382390959179,16.80908172845258,5.72581761563371,3.695,OMB
15.4,0.053,10,2.0,0.0583407244581491,5.689177539482151,5.8192685655694,4.82,OMB
10.9,0.086,1197,12849.0,0.1271769807425558,14.46770445883567,11.6459718168037,31.327,TJN
12.9,0.065,239,6434.0,0.1129978865307245,19.74002192350785,11.6814878859838,15.748,TJN
12.8,0.142,945,11788.0,0.1873356061534406,14.95596917571349,7.80335634711499,12.822,OMB
10.0,0.063,1867,15187.0,0.0074932672938358,12.31119812897172,12.0419095202062,53.025,TJN
12.9,0.075,2004,10662.0,0.1271079084923752,17.83712814524417,5.73578778521065,14.019,OMB
15.0,0.056,397,6333.0,0.1590582777218582,12.1180750595213,5.55896759756997,6.469,MBA
16.1,0.015,100,6763.0,0.0389852842394449,10.62074895835126,5.36116214275789,4.063,MBA
14.9,0.148,388,8956.0,0.0735086051277939,10.33960950337518,5.43223903762211,3.788,MBA
11.7,0.058,715,8401.0,0.0781916612854563,31.2173166581299,11.9496405881336,26.466,TJN
12.0,0.035,2384,25542.0,0.107174102252941,3.843664760567263,3.34408561965548,7.976,MBA
15.1,0.036,61,5427.0,0.1790374116224695,9.755144497073012,7.87066622266724,6.366,OMB
13.6,0.102,696,16844.0,0.1217990193615531,4.945197554667454,7.91592905785215,8.703,OMB
15.1,0.048,363,6973.0,0.0729831093843576,9.170352834104438,6.16683393377408,6.368,OMB
12.8,0.068,162,6803.0,0.1685897542769118,25.60431189775761,11.9897738222769,13.357,TJN
14.8,0.052,1213,11805.0,0.0534688748829282,4.913326079045981,4.00390432441668,6.395,MBA
13.5,0.086,42,3603.0,0.0639015265840307,29.50400140295945,11.7434003295883,10.845,TJN
11.1,0.083,912,11169.0,0.0446678699036636,26.96180114485938,12.2693456911251,29.125,TJN
13.1,0.075,165,6804.0,0.0650779351291869,30.01546647102793,11.9053247905679,11.136,TJN
13.2,0.102,1442,11910.0,0.0791738739680039,9.810222840603682,5.15904041059436,7.571,MBA
14.9,0.063,378,6206.0,0.0717935717479411,5.261509712180628,5.90266033806898,5.297,OMB
14.0,0.064,325,7015.0,0.0967883743625888,21.6370104618102,6.27736487407219,8.718,OMB
16.6,0.041,123,3787.0,0.139252304506482,14.38275819059092,4.39846947068005,3.463,MBA
12.7,0.067,410,6792.0,0.0984932413363857,3.645361977196209,12.0254101776697,13.46,TJN
13.4,0.268,2035,25467.0,0.1583089103424099,0.8747456530618959,3.33322661076311,4.967,MBA
14.8,0.367,616,9142.0,0.1883559882829274,12.9638809395911,4.30414263772815,2.76,MBA
15.1,0.044,294,6292.0,0.0361773428454839,11.19082401231076,5.78344316133278,6.333,OMB
15.4,0.057,257,6106.0,0.1266883545618966,8.421213924759124,6.352758621689,5.057,OMB
15.5,0.049,173,6305.0,0.2144542544975495,3.533182418810273,7.82608658433037,5.209,OMB
15.3,0.088,186,6195.0,0.188048160926905,10.47210196748345,5.77200945711567,4.087,OMB
15.6,0.23,781,7323.0,0.0777965561326812,10.277790583536,3.3645470336611,2.199,MBA
12.7,0.08,235,6868.0,0.0368777786008807,21.91760625761763,11.8357113598623,17.056,TJN
12.5,0.107,2088,23948.0,0.1486708298504134,0.1931118275319282,5.75359209319286,14.064,OMB
13.1,0.04,194,8757.0,0.0237335211569471,15.41338063243876,12.1690983906702,15.154,TJN
9.1,0.053,1659,20786.0,0.0438747582921721,16.26314042695682,11.89223429722,87.646,TJN
13.1,0.083,1502,15002.0,0.0753207254887152,21.97848825927846,5.76735218992022,12.679,OMB
14.0,0.17,1117,9776.0,0.1305458800734063,13.2476583193699,5.74109936211324,4.874,OMB
16.8,0.059,281,7116.0,0.1446283385930979,11.78704715926301,3.64279962307115,2.624,MBA
16.3,0.026,142,8423.0,0.1042135220531941,3.42296177699924,5.74437232504937,4.356,OMB
15.2,0.054,228,6703.0,0.0637693079085351,8.851386008526623,5.64405149024628,5.729,MBA
14.4,0.266,1200,10365.0,0.1656728096852356,10.18039103448236,4.5537096663917,3.726,MBA
12.9,0.076,258,7563.0,0.1034370639718647,15.91425424454746,12.0327762076264,15.232,TJN
16.9,0.031,94,5716.0,0.0731836339683926,9.412873789978658,4.37538890193242,2.387,MBA
12.9,0.075,192,6378.0,0.0958503345842879,11.10219632994031,11.9813764547036,14.68,TJN
15.0,0.102,300,6690.0,0.0364737654944556,21.20710850790027,5.82418542537626,4.782,OMB
12.6,0.147,352,6786.0,0.1058534756738164,14.30740760331038,11.8882725484668,10.47,TJN
16.4,0.071,230,6794.0,0.2029235281103103,2.875803889317324,5.11908203176215,2.871,MBA
13.6,0.078,841,9562.0,0.1150527785482639,9.033118294946483,6.29079322386725,9.496,OMB
16.9,0.078,18,2342.0,0.0820629022841177,15.24286797941782,5.44404564338719,3.15,MBA
13.8,0.033,89,6785.0,0.063969850127431,22.57308168852083,11.6688179887875,10.59,TJN
16.4,0.041,108,4847.0,0.2394495478318805,10.26290610554906,5.57088217888085,3.624,MBA
14.9,0.197,452,8556.0,0.0209695634539393,10.32827316137111,5.35161778593349,3.439,MBA
16.0,0.04,45,2262.0,0.0678135166190381,10.76025228746447,6.26229927378333,4.009,OMB
14.6,0.252,911,8367.0,0.1578561083038756,10.22825769662511,4.5575854681557,3.487,MBA
12.5,0.061,352,8866.0,0.0691654558643538,24.3923739211925,11.8210137914941,17.845,TJN
17.0,0.055,123,5259.0,0.206853133872232,11.0693004246266,4.43184586324423,2.261,MBA
14.9,0.031,250,6239.0,0.2664158547326926,21.14908356104729,5.76819951605565,6.883,OMB
14.5,0.049,66,6776.0,0.1575584149741552,3.652470964659564,11.8765998211409,6.022,TJN
13.9,0.064,15,105.0,0.0910846748947485,28.71249881271956,11.7035815196553,8.741,TJN
13.2,0.046,138,5552.0,0.0324127956471064,13.51833898796015,12.1136352494032,15.558,TJN
13.2,0.05,146,5648.0,0.0468835474559806,32.66967057248353,12.1246526234525,12.986,TJN
12.4,0.3,2023,13529.0,0.1448131840088094,14.12951510190988,4.20987509143632,7.49,MBA
14.8,0.056,380,6170.0,0.0926092551724062,17.63190534255457,5.80498667886219,6.465,OMB
12.7,0.098,283,8404.0,0.1024931940577795,6.261025185835788,11.6571207530376,11.676,TJN
15.3,0.041,188,6503.0,0.058693447032563,10.559387221166,6.66464397415069,5.958,OMB
14.9,0.069,461,8026.0,0.0488643048983832,5.258938201477918,5.66106351379918,5.563,MBA
13.0,0.199,1858,23634.0,0.2623805520066749,12.23394540243387,4.17407295996161,7.828,MBA
12.8,0.067,166,7206.0,0.0515002719293969,22.06272435635347,12.2365417788945,14.112,TJN
14.0,0.191,572,7535.0,0.1553238453227666,16.67233527869146,5.73582267318975,4.2,OMB
11.4,0.206,1732,17189.0,0.1272315645537521,5.766293316288277,7.94731967951776,16.074,OMB
11.5,0.097,980,10396.0,0.0341642802231619,13.24147256805273,11.9978214261928,23.483,TJN
15.0,0.054,16,6.0,0.0177257027627081,14.24456267178214,5.98600711640164,5.714,OMB
13.4,0.037,220,5610.0,0.0783533060492356,4.592071318930754,11.8594987380629,14.362,TJN
13.7,0.056,1718,12621.0,0.2163652588086978,4.794559961602971,4.68190744977365,11.716,MBA
15.2,0.064,981,8975.0,0.2414272393677281,1.814262781490163,4.39566373573982,4.783,MBA
13.1,0.232,2459,26090.0,0.181430790027791,7.306225614254721,3.34987195919959,6.973,MBA
16.4,0.064,191,7177.0,0.1209662864704632,7.39217144914604,4.30295746166929,3.033,MBA
15.9,0.035,217,5323.0,0.2094884042455433,9.298700448123276,5.56551321438336,4.465,MBA
14.5,0.088,662,6831.0,0.2727688064112448,12.51465606030116,5.72858067597167,6.484,OMB
12.9,0.057,167,6782.0,0.0826873514364673,17.99756331930853,11.7535061438314,14.706,TJN
15.1,0.083,386,7062.0,0.1244652366560091,2.167013653295213,5.77561578521093,4.84,OMB
14.9,0.094,166,5517.0,0.325528577625558,8.887448193394938,7.87197158884064,5.208,OMB
15.8,0.037,154,3995.0,0.0652216803321022,14.52677390813633,5.81720052657006,4.592,OMB
17.1,0.057,149,6560.0,0.2122530220605764,10.62918059447038,4.53004273984282,2.214,MBA
15.1,0.073,173,5707.0,0.1440146599435989,26.10221289589953,5.72446643430486,5.664,OMB
11.6,0.076,871,10372.0,0.0419257908683792,17.35107720673806,11.79298050981,25.338,TJN
10.4,0.036,2193,39870.0,0.108989706075239,5.365032627983505,4.69646237172986,60.862,MBA
15.4,0.042,251,6333.0,0.1805293126166873,16.07705215680412,5.51798554690937,5.417,MBA
15.5,0.144,128,4509.0,0.2863941850249543,23.66690448404301,5.81234666915888,3.669,OMB
15.3,0.25,1161,10150.0,0.1590252096048365,2.464151802276123,3.72613720168802,2.538,MBA
15.3,0.206,708,10050.0,0.0546666363560329,13.64449356945172,4.22799697382638,2.55,MBA
13.2,0.047,159,6373.0,0.0669685615139169,8.44409671731684,12.1427578541169,14.642,TJN
12.1,0.065,534,6472.0,0.028718364236898,22.81358548961746,11.5805926185938,22.747,TJN
16.1,0.062,63,4986.0,0.02993224182812,15.41000908820864,5.40875000831274,3.524,MBA
13.2,0.054,187,7141.0,0.0936944454312763,21.41888487298259,12.2492105003002,12.484,TJN
12.6,0.249,1500,31306.0,0.1540781677182533,12.91551660146622,3.83120754789501,7.535,MBA
14.4,0.065,242,5880.0,0.1821855408618974,8.44452633202734,7.89964717106635,7.878,OMB
10.89,0.153,2560,37365.0,0.113683118024073,11.36013841465938,5.22108106388876,22.42,MBA
13.4,0.051,261,8408.0,0.0834818050878544,19.24348890446908,11.8958793939593,11.18,TJN
10.9,0.077,954,10431.0,0.0832743601024252,23.95897509776589,11.9494964860063,33.067,TJN
13.5,0.189,825,9279.0,0.0623990286905113,16.18510159414186,5.81450304734232,7.007,OMB
12.2,0.082,480,7645.0,0.0310987498532538,28.10450736458093,11.6623262191709,17.679,TJN
10.5,0.065,1830,10378.0,0.0629653539372021,13.70891839326913,12.0860182568194,41.561,TJN
12.7,0.107,290,6402.0,0.0746925405751455,5.553369300966255,12.1235553346363,12.272,TJN
11.6,0.14,899,10733.0,0.0730838253290402,15.23187052175945,12.1527004833146,21.386,TJN
14.7,0.072,531,7104.0,0.1552340882807159,6.359432442682281,5.73490292433827,6.521,OMB
15.1,0.221,859,7295.0,0.055779082797333,15.20058883877924,4.03446966869462,2.829,MBA
15.5,0.054,10,1.0,0.2971189363144341,29.99650866008248,5.78408417739186,4.53,OMB
14.5,0.049,766,10139.0,0.1560942858454757,1.041523124442132,5.7609711767733,6.921,OMB
14.5,0.065,553,7176.0,0.0681135111498008,21.65010178541106,5.75977200209979,7.2,OMB
15.0,0.073,197,6225.0,0.2182597613277776,25.46047636600389,5.73145299371406,6.478,OMB
14.3,0.029,1317,12886.0,0.1902685222596482,3.712742815500438,4.38418933450653,7.084,MBA
14.7,0.082,1538,10094.0,0.1572914255790711,6.126361009063416,4.32773439429512,5.59,MBA
16.0,0.12,104,4428.0,0.0714831827147454,9.655208377812148,5.74957813982392,4.403,OMB
13.0,0.061,329,8418.0,0.1244488540469088,4.424546902326945,11.9849585397605,14.188,TJN
12.8,0.109,149,8760.0,0.0716281106598656,12.95325445168397,11.8687014895059,11.097,TJN
13.6,0.096,1082,8888.0,0.1450376859577793,5.917611080223653,5.69993622448618,9.827,MBA
16.1,0.04,85,4883.0,0.0194592244277605,7.881049350239166,5.83700332535811,3.831,OMB
16.2,0.063,11,1.0,0.1171134321988707,15.69517573651233,5.546753229936,3.051,MBA
16.2,0.037,103,5985.0,0.3256125413188082,8.979627259655897,7.90744271835061,4.577,OMB
10.2,0.063,1145,9240.0,0.044825152503387,21.47845270390883,11.7242966259002,48.19,TJN
14.0,0.1,595,7434.0,0.1215522931217998,16.83243093307428,6.27325024450777,7.655,OMB
12.4,0.062,643,9218.0,0.0563740827793037,7.364587723019418,11.6999603003826,18.493,TJN
15.2,0.042,270,6295.0,0.2334466535373533,15.39541398652906,5.57560661575395,6.185,MBA
13.8,0.029,113,7938.0,0.184164254293354,10.73682868709323,11.994659307129,13.043,TJN
15.7,0.052,183,5738.0,0.0307562071616702,9.876829380523493,5.80526825283933,4.225,OMB
12.6,0.068,268,6730.0,0.0187300662773562,29.30315351742104,11.8911186425049,14.741,TJN
11.6,0.068,720,10048.0,0.1058820356659226,16.67985088519239,12.0132237545724,25.545,TJN
15.2,0.402,1126,9745.0,0.1265450370271824,3.752731034345787,4.09457186419174,2.002,MBA
15.4,0.259,794,6401.0,0.3140026966533067,4.807839917828937,4.12852042159584,2.495,MBA
12.5,0.054,246,6857.0,0.1427232990334313,25.00732382151953,11.8783213725839,19.748,TJN
14.5,0.08,536,7106.0,0.1706477910399557,18.78025823738252,5.74614264901886,5.921,OMB
13.3,0.032,168,6758.0,0.0162550326287,10.43533692162778,12.0296785957069,17.103,TJN
14.9,0.325,655,7149.0,0.0334133582500721,14.19507227207121,4.40864418928169,2.678,MBA
13.6,0.073,1280,9779.0,0.0739022982137316,9.656541372928938,4.85973002765268,10.291,MBA
13.5,0.041,96,5914.0,0.0866132768503115,24.69174412181421,11.6705660607662,12.516,TJN
14.7,0.399,1451,13886.0,0.1660181020071373,4.129923007091451,3.42505396134595,2.905,MBA
11.8,0.072,711,12075.0,0.063499421673925,10.08593786986476,11.6763828050249,22.617,TJN
15.9,0.045,177,7541.0,0.2078019593860338,9.377640424859214,5.72810558131285,4.771,OMB
12.9,0.132,316,9626.0,0.0308273257046467,6.377969258967028,11.7921251882248,12.117,TJN
14.0,0.081,679,7584.0,0.1766097087587223,16.16414187751854,5.65218931754591,8.511,MBA
11.5,0.074,921,10481.0,0.0513201345930969,15.12981260512104,11.6071106542269,26.904,TJN
14.2,0.107,1463,10275.0,0.0338104798140218,8.798732779383327,4.03201330496493,5.44,MBA
12.9,0.043,198,4764.0,0.0890512147324478,17.90292047788696,11.9945536525479,16.105,TJN
12.5,0.048,282,6843.0,0.0933500798027435,19.07675304769005,11.8868141790627,19.177,TJN
13.3,0.068,918,7389.0,0.1074639087616348,18.17475367859356,5.8056018684662,12.809,OMB
12.1,0.085,719,10049.0,0.0249699034815949,8.896425124640716,11.6980809183914,19.007,TJN
16.0,0.035,193,6264.0,0.0952634735361383,2.703412518365287,5.55689954111189,5.145,MBA
12.6,0.164,374,7568.0,0.1271422028588257,11.31640102848509,11.7862632644136,12.474,TJN
13.2,0.04,126,6460.0,0.0345615223845737,24.4127454029371,11.9106204750005,13.3,TJN
12.9,0.06,235,6849.0,0.0878268212424408,22.4083862825932,11.62577990811,14.986,TJN
12.6,0.046,1754,13788.0,0.0476939656405951,15.92639469800454,5.80983736487415,22.077,OMB
13.6,0.045,94,6347.0,0.024215037145049,30.41603153971761,11.7221146579455,11.424,TJN
16.4,0.086,497,6661.0,0.1012309624346266,3.158872603518945,3.60962632286109,2.602,MBA
13.7,0.059,69,4817.0,0.085008125821143,20.1243503334343,11.7986604258955,10.934,TJN
13.2,0.061,257,6803.0,0.0737956732091187,8.987682999031879,11.6221981005812,12.308,TJN
15.2,0.042,208,6302.0,0.0950346441860558,16.33339186995305,5.76046049650964,5.889,OMB
13.2,0.041,191,5965.0,0.0198645194319784,7.615166794396508,12.0860341603302,15.821,TJN
16.1,0.121,91,3195.0,0.0579992391838411,14.0690015537474,5.28689947131325,4.002,MBA
15.7,0.069,449,7364.0,0.1299896705814235,5.089486152186277,5.05312176480647,4.023,MBA
14.9,0.163,14,1.0,0.098991266640264,17.49975054020632,4.38120819496868,3.442,MBA
14.6,0.068,597,9752.0,0.0793623264929147,9.514507315132477,5.81301787579133,6.722,OMB
14.4,0.204,1188,9814.0,0.2411916386812108,9.087953760883654,4.10335128586227,3.38,MBA
15.2,0.041,320,4922.0,0.2474473110306888,26.14710166696222,5.75031896917846,6.901,OMB
13.9,0.085,53,2040.0,0.2426434575376891,6.730765222452104,12.0497159179798,9.113,TJN
11.4,0.129,1028,13591.0,0.0331570147234134,13.03466728712379,11.5818817607099,21.258,TJN
12.1,0.079,550,13119.0,0.1063377449064009,14.77931276633113,11.8509675676718,22.611,TJN
16.0,0.072,476,6569.0,0.0589920930612672,3.19305069153671,4.64322467510275,3.924,MBA
14.8,0.088,671,10809.0,0.2063421046823109,8.217537175149097,5.23692017614277,5.913,MBA
9.9,0.064,1934,11199.0,0.0591435009542631,6.98615278872947,12.0457917694587,54.964,TJN
12.6,0.062,470,8420.0,0.0352841623683801,11.3150255540072,11.897693271312,17.644,TJN
9.26,0.048,2549,39460.0,0.1165998246743518,8.321706980911387,6.69770772519972,74.791,OMB
13.4,0.093,78,6801.0,0.0619792094436303,24.49216257734438,12.1162143156991,10.956,TJN
14.8,0.04,799,21412.0,0.1281282250959677,4.886618106396451,4.68167796912057,6.352,MBA
17.0,0.047,136,4696.0,0.2269684993429869,11.81459108637266,4.46967215874846,2.442,MBA
12.5,0.153,535,21550.0,0.0675869084921804,1.205048722492357,12.3398653576996,11.77,TJN
12.4,0.123,186,7579.0,0.1041992269488897,23.781405029292,12.0766961862459,15.07,TJN
16.0,0.09,301,7595.0,0.087255202960301,10.93742885185443,4.30604530799738,2.792,MBA
15.0,0.278,490,7563.0,0.0372483792319465,14.12273905328436,4.44294695857357,2.64,MBA
13.7,0.067,913,7443.0,0.1835193485757398,8.820704924902243,6.17398432207571,10.76,OMB
9.1,0.085,1501,16037.0,0.1360376725458584,28.46587898247833,11.9143751303127,72.331,TJN
12.3,0.073,456,6466.0,0.1384001527806202,20.932212356672,11.8423793096388,18.738,TJN
15.0,0.078,376,21322.0,0.0391196499335267,2.987731094422969,6.25529488595979,4.969,OMB
15.7,0.161,330,6185.0,0.2595260965411184,6.467107759563186,4.3524502051722,2.633,MBA
14.1,0.103,1208,9837.0,0.2801896713643183,11.00337762023694,4.14466910428391,6.27,MBA
15.8,0.027,131,5254.0,0.0762563741262269,9.843974467171094,6.1371627729665,3.392,OMB
14.3,0.204,704,8429.0,0.0704199130820389,10.97673750156175,5.82726637751448,3.707,OMB
9.3,0.071,1549,24362.0,0.0741218361593631,13.91233307537793,11.6197423923831,65.916,TJN
13.2,0.065,188,7967.0,0.0539855130213493,4.242768318692673,12.0900432281955,12.553,TJN
14.4,0.156,749,7625.0,0.0946661185235176,10.33534437031794,5.3917676904171,5.097,MBA
12.1,0.093,714,9198.0,0.0779925722728028,2.374210061077346,12.1722951819294,16.585,TJN
14.9,0.215,1459,10401.0,0.1693793486573127,5.213589021366099,3.3710395610267,2.863,MBA
13.5,0.05,111,8807.0,0.0791337241949729,17.67559959755358,11.6896496056865,11.869,TJN
12.2,0.085,714,9564.0,0.0694824586791256,4.44244975428786,12.2864547582308,18.14,TJN
17.2,0.035,276,6275.0,0.2827063133263025,2.684415501821693,4.06005030205109,2.81,MBA
13.6,0.153,828,13079.0,0.3739173297288662,20.96923376115393,6.03901406852409,6.479,OMB
16.2,0.168,773,7381.0,0.1471551432551308,3.169738552291417,3.20864526189025,1.951,MBA
14.8,0.056,487,7236.0,0.0902112617369988,15.43791261871046,5.30565745061437,7.096,MBA
13.3,0.049,131,7596.0,0.1301138866896792,19.27833005276481,11.5581249422841,13.138,TJN
15.4,0.1,134,4910.0,0.0897040138944124,10.02288405412861,5.79175085025878,4.835,OMB
15.7,0.052,151,4033.0,0.2137298992875974,27.32794487749945,5.42461272532819,4.437,MBA
12.6,0.111,341,7608.0,0.0525790925921267,13.67826280198381,11.9381954372527,13.234,TJN
15.1,0.071,787,7763.0,0.1839376810380189,13.0037210809076,4.19504502901522,5.065,MBA
15.4,0.027,345,6350.0,0.0416371528653837,7.355214969598825,5.27725189923453,6.171,MBA
14.7,0.27,1370,8626.0,0.0612021796776861,3.019982971698064,3.59955220206742,3.371,MBA
10.1,0.103,840,15232.0,0.1049508348354526,29.56240160747581,11.700434258677,39.487,TJN
14.2,0.051,985,8507.0,0.1430421545903889,5.920912139256522,5.64788942316217,8.105,MBA
13.2,0.059,202,8371.0,0.0679176917506728,6.754236847506708,12.0460839399781,11.96,TJN
13.0,0.079,211,6352.0,0.1239012967912233,4.384548110773261,11.8885423157658,11.896,TJN
17.2,0.051,118,9242.0,0.161153001219611,4.546905268497586,4.09935063246526,2.039,MBA
12.8,0.055,217,7169.0,0.1149868490068738,15.28292832055696,11.8997716296503,16.271,TJN
15.4,0.172,127,4406.0,0.0575699586607022,12.0206560631427,5.85227677211847,5.824,OMB
14.4,0.074,423,6210.0,0.0709506449820283,22.63241076307796,5.79121377319756,7.403,OMB
16.6,0.086,119,8604.0,0.1179608599713177,15.30407747755851,4.15634420170864,3.274,MBA
14.0,0.105,1036,7560.0,0.1149523770298662,2.756091103543271,5.73294373012344,7.117,OMB
14.0,0.057,895,9399.0,0.1078233497295587,5.13039227591233,5.66777663488252,8.421,MBA
9.02,0.164,2695,45508.0,0.1119085143551487,11.8312302664797,4.09317654026577,55.421,MBA
15.6,0.395,854,10339.0,0.1070745465355585,5.096700519193448,3.42839078826881,1.679,MBA
11.6,0.052,901,10407.0,0.0732998273393333,7.753497922518418,11.8187624329295,29.196,TJN
13.3,0.068,211,6801.0,0.0811350656216746,9.293964374422153,11.7771620626278,11.702,TJN
9.7,0.058,1580,23599.0,0.1241296385280427,16.25237357728057,11.6262692584309,63.191,TJN
12.8,0.098,297,6404.0,0.0546292051729071,15.01977985388324,11.7552491116149,12.224,TJN
13.9,0.062,1012,7199.0,0.0731253169713948,9.274428432840024,5.83931199536587,8.859,OMB
16.6,0.053,137,6266.0,0.1217070933448542,20.35347781128494,4.16643380460038,3.309,MBA
14.9,0.066,254,5981.0,0.2973432588115846,8.910830792622942,7.97788949178107,6.221,OMB
11.4,0.113,953,10763.0,0.0576863314138626,8.479969920692202,12.1699518754846,21.723,TJN
10.0,0.071,1785,11195.0,0.140101490363587,19.06217138940158,12.087397229767,52.058,TJN
16.3,0.124,269,5731.0,0.2397027768598652,6.633320875333858,4.33109120834036,2.385,MBA
13.7,0.053,79,6810.0,0.150774471127569,12.82477075228823,11.8038802639271,9.124,TJN
14.6,0.143,646,9328.0,0.1291038314616815,4.773256166366668,5.79098282659357,4.641,OMB
16.4,0.062,216,6445.0,0.0660541630150414,1.437206254467225,4.62470073991507,2.935,MBA
14.1,0.079,882,16839.0,0.092439106868378,6.521932659571335,5.82658109671512,7.856,OMB
16.7,0.055,144,7529.0,0.0627427274010002,13.66110311179795,4.50928211642951,2.836,MBA
14.5,0.126,833,7658.0,0.0495658878867172,10.87930028081925,5.31244025965381,5.402,MBA
16.3,0.295,478,7342.0,0.2755373298837261,7.368810622493347,4.02811520364936,1.408,MBA
12.6,0.111,243,7143.0,0.1307011227767119,13.55995266899004,12.1421491557585,13.847,TJN
13.1,0.036,180,6767.0,0.0804756684905904,32.14160879765829,11.9376299877186,16.116,TJN
15.1,0.073,309,7528.0,0.121424973085501,5.742187135675331,5.74895188607601,5.93,OMB
13.9,0.228,1923,11286.0,0.1316534516399707,3.061561338225785,3.92179166802082,4.024,MBA
15.1,0.101,365,5351.0,0.1468686641405511,5.236562255383761,5.76842775886869,4.58,OMB
14.1,0.265,809,23932.0,0.1838982014391339,9.652083605612656,5.73809923698279,4.283,OMB
12.4,0.057,548,6864.0,0.0817488829470625,25.25153564632346,12.001820711492,20.198,TJN
15.0,0.252,395,7546.0,0.1311978492044935,12.63923244257643,4.50640818257322,2.901,MBA
14.7,0.054,397,7066.0,0.1254116440316162,22.04845108475803,5.77428831296918,7.185,OMB
13.3,0.067,85,5608.0,0.040221372796924,24.53992503190054,11.6888613496947,11.725,TJN
14.5,0.092,1015,10448.0,0.0677881739793898,3.667573250426143,4.48782362312846,4.801,MBA
10.1,0.082,2072,23183.0,0.0437662229029768,2.09936734583548,11.735407959815,46.462,TJN
16.4,0.032,20,93.0,0.0561389811883733,9.67358945318162,6.25588919277974,3.88,OMB
13.3,0.282,2011,18442.0,0.1781944796555998,10.4064349460729,3.78256556741683,5.969,MBA
13.1,0.062,1516,8954.0,0.2356988868388908,10.12404769368426,5.67778260830641,14.083,MBA
17.3,0.032,170,6237.0,0.1953549352784534,23.06605973725742,3.41780294131965,2.715,MBA
16.7,0.055,74,5120.0,0.2192209717155379,14.28322299335036,4.70878756367201,2.847,MBA
15.7,0.252,681,7525.0,0.1879602119082109,3.53398780941628,3.68267213935557,2.007,MBA
11.3,0.084,730,11230.0,0.0867907497088112,22.5514322021763,11.8640574584322,27.621,TJN
11.5,0.11,636,24371.0,0.0600470150811049,20.40332744223611,12.2659891328473,22.045,TJN
14.5,0.083,553,7319.0,0.0470084402427339,5.647304736246783,6.46224107369853,6.36,OMB
12.6,0.069,1285,10038.0,0.2917125062594085,1.745080532501638,7.89546343142892,15.313,OMB
14.0,0.046,487,8854.0,0.2782028928278755,5.089061557689917,7.85925870756854,8.916,OMB
13.9,0.037,92,8016.0,0.0427169867703627,15.87946177954833,11.8420352938636,11.01,TJN
14.3,0.054,532,8391.0,0.2620028550599016,18.34291557395679,5.8065729526597,7.882,OMB
16.3,0.043,56,4937.0,0.1592622206160096,19.96282860826418,5.73122291949674,3.543,OMB
10.3,0.043,2610,36413.0,0.1499105735552503,10.27892939801393,5.74042277546119,57.57,OMB
13.1,0.103,178,6009.0,0.0599142479043827,11.03405985309882,11.9740337441734,10.874,TJN
15.0,0.064,306,8345.0,0.0904762239245856,16.55805102933854,5.88646859651956,5.758,OMB
15.8,0.218,605,7223.0,0.053895831546796,9.657617532097538,3.48852050353698,1.714,MBA
16.7,0.054,205,6316.0,0.2144421019074652,6.270477923471279,4.13126063731254,2.614,MBA
13.2,0.048,146,5169.0,0.0363638719967011,24.15500291552967,12.2205094316694,13.965,TJN
13.5,0.047,209,7998.0,0.0089545725423114,6.96435530968872,11.6905131410459,12.81,TJN
16.6,0.056,74,2677.0,0.3215938854573371,23.87509272857418,5.82708133744122,3.22,OMB
12.6,0.102,445,8808.0,0.0255143543523722,8.297121263811468,11.9027605622654,13.18,TJN
13.5,0.07,939,9268.0,0.0561559777744899,8.57473449554482,5.83494036741166,8.343,OMB
14.5,0.049,766,10626.0,0.1180787778255449,6.143173327638658,5.78022847347152,7.906,OMB
15.2,0.151,477,12020.0,0.1500881854517898,14.26861343320775,4.14483037837057,3.422,MBA
11.8,0.081,760,16332.0,0.0457059581344998,15.75890804670845,12.0186124681214,23.374,TJN
13.6,0.184,1342,17216.0,0.0940740187347677,7.361826570199503,4.71612112444173,6.785,MBA
16.0,0.041,56,4865.0,0.1831572394446452,27.57312546666049,5.79710686874182,4.556,OMB
13.3,0.093,176,6364.0,0.1376062199884889,34.43940302366236,11.8414680850022,10.919,TJN
15.8,0.197,844,8155.0,0.1417138948942154,3.571908943591964,3.51781928251713,1.805,MBA
14.5,0.074,637,8149.0,0.0855083590532048,8.901074513994448,5.35110222480301,7.102,MBA
15.1,0.062,294,5322.0,0.0989126543231834,11.63099139086424,5.7541521522502,5.58,OMB
12.5,0.085,422,6800.0,0.1121369086622124,9.193005655588792,11.7261728784854,15.057,TJN
15.1,0.065,127,6446.0,0.0898213019496918,8.57891640798379,6.73603889122757,5.214,OMB
15.8,0.025,180,5373.0,0.1297719530020239,11.56836001188726,5.88038714884292,5.269,OMB
9.6,0.052,2609,8018.0,0.0888278293093651,8.059069255984722,11.838356834955,63.885,TJN
12.0,0.091,718,10391.0,0.0777807240391703,7.667789818488529,11.8881334137968,19.241,TJN
14.7,0.074,401,6790.0,0.1753014217256504,9.415848973813086,5.70981351881017,7.075,MBA
13.4,0.064,128,6743.0,0.0968420999611207,18.54382432365286,12.1558610108842,10.517,TJN
10.0,0.069,1511,13612.0,0.0160189445539116,16.82551090465762,11.5978314406182,53.1,TJN
13.1,0.04,215,7120.0,0.1061477168749671,22.09357283304089,12.0124809766409,15.282,TJN
11.2,0.051,599,8855.0,0.0532322569485672,20.9154656457537,11.8321307602598,34.0,TJN
12.5,0.13,351,7233.0,0.0493820916470017,12.42081794900271,12.1261013221988,13.393,TJN
12.4,0.114,558,6762.0,0.0176035632356163,5.84241612833993,12.1569006700338,14.939,TJN
15.4,0.062,166,5728.0,0.0855483606953092,17.10046808819026,5.76859180419284,5.328,OMB
12.4,0.103,1668,10901.0,0.0316558945878708,11.65344232389361,6.46791232742948,15.044,OMB
12.2,0.142,637,6818.0,0.0333262424264492,12.74048208165513,11.7622316546856,16.116,TJN
12.5,0.09,309,8434.0,0.0115118957926588,22.78974497287691,12.0513933151229,16.068,TJN
9.2,0.07,1625,12046.0,0.1215057701751584,24.19422605818465,11.9721951396188,76.147,TJN
14.7,0.089,13,1.0,0.040596082334917,10.78430835077789,5.7599270958163,5.106,OMB
9.7,0.057,1393,23567.0,0.0956849691180914,14.70941341586525,11.6066702661323,63.836,TJN
15.9,0.069,415,6713.0,0.1250890426277095,6.901772921666368,4.22476497973583,3.508,MBA
16.3,0.024,141,6617.0,0.151639788236545,7.575319346620346,5.87447006857104,4.115,OMB
10.6,0.147,2681,32806.0,0.0429324908878317,9.023517349991172,5.77082485147162,32.429,OMB
12.7,0.078,330,6434.0,0.0496230468201306,22.84816579042771,11.9293870568619,15.773,TJN
13.3,0.088,1592,9467.0,0.139156194123974,4.367443114204788,5.76811297324745,10.777,OMB
11.8,0.066,920,12045.0,0.1454434791872998,7.196781386463146,11.6488883046981,24.775,TJN
15.5,0.073,264,5283.0,0.1758686933949724,14.8331086770616,4.19492042632716,4.094,MBA
16.9,0.032,11,2.0,0.0808514026577284,10.87130432655043,5.78143269318619,3.074,OMB
16.8,0.154,464,6377.0,0.1892617954117833,4.499545775198484,3.18185328996522,1.55,MBA
15.2,0.096,588,7378.0,0.2944537171558535,12.69679013213347,4.10323702394378,4.285,MBA
13.1,0.038,192,6822.0,0.0501482516515543,16.95434483282827,12.0818669012498,14.157,TJN
14.4,0.05,335,6449.0,0.018283062362187,18.32301484001346,6.71102196735665,8.96,OMB
13.2,0.086,169,8778.0,0.1885196898562779,5.939303661908393,12.0083555885003,9.929,TJN
16.8,0.088,366,6654.0,0.1470542498673026,2.795404841321159,3.54032342608265,2.048,MBA
13.7,0.343,2436,14821.0,0.1979876488966447,6.395780708392152,3.55082313547139,4.612,MBA
15.6,0.058,83,5935.0,0.1320303926917464,7.444135423099532,7.86073980790125,4.605,OMB
9.51,0.04,2925,28988.0,0.2218181184861528,12.49511407657883,7.90341952056553,83.443,OMB
15.0,0.058,219,6216.0,0.0346288022759999,16.6107458743198,5.81775198919927,5.798,OMB
14.1,0.105,817,9099.0,0.1281423641104395,11.171776777031,5.26800098436942,5.169,MBA
9.4,0.087,1381,23958.0,0.0578972219980584,20.1888320862309,12.23321205487,59.568,TJN
15.0,0.042,299,8027.0,0.1629856204719024,27.513567565611,5.73018303772758,7.141,OMB
12.4,0.098,437,6467.0,0.0077999338183722,31.13979692028447,11.7865212108832,16.878,TJN
15.7,0.076,464,21554.0,0.0763009248919938,5.721351293871256,4.96165906710501,3.504,MBA
17.2,0.039,274,8084.0,0.2157929387656227,5.060843539163844,3.60698742080928,2.439,MBA
12.8,0.063,204,8386.0,0.026971761118785,17.37719711637575,12.1694689544338,15.949,TJN
14.7,0.063,416,6272.0,0.0597428560205882,17.97959577254838,5.6915710741368,6.643,MBA
15.8,0.064,150,5332.0,0.2312892665458757,13.64320593351804,5.75568247267905,3.323,OMB
13.2,0.087,1355,13288.0,0.0739567336767246,2.412347191329492,5.87934828758048,11.317,OMB
15.7,0.196,362,8091.0,0.1790776123895712,12.77858843928997,4.23031597286358,2.382,MBA
15.4,0.032,137,8431.0,0.0601258361574757,14.99866992434706,5.75036797710578,5.622,OMB
14.7,0.149,1301,9711.0,0.1825141196940728,7.3178254476232,3.67048928893542,4.334,MBA
12.0,0.129,983,11241.0,0.095099983525283,3.45556288376778,11.62017960992,16.177,TJN
13.4,0.249,1246,8155.0,0.0873651988806493,13.28813598671342,4.17569557013081,5.828,MBA
14.8,0.06,573,8026.0,0.2529236532072383,1.482392567440543,5.89645410750335,6.55,OMB
15.2,0.05,110,5957.0,0.287945687218931,9.891058257224143,7.87217430118932,5.651,OMB
15.6,0.044,167,4462.0,0.1473369630608567,15.30879697666851,5.76121508551632,5.295,OMB
15.2,0.076,13,1.0,0.0207587046773141,16.70155213661767,4.60298652925295,4.41,MBA
14.9,0.07,421,6215.0,0.1837957490316357,26.60136162353592,5.75443137475421,6.336,OMB
14.4,0.173,1540,16844.0,0.1569993067408821,2.958859063251296,3.81386812197665,4.409,MBA
9.28,0.07,1926,41498.0,0.2166670310223168,16.90217580733183,4.43191046420531,70.145,MBA
13.4,0.057,207,8787.0,0.0731323298324975,8.085312231526691,11.8399692403028,12.747,TJN
15.7,0.076,13,1.0,0.1087325372076981,17.35844198702761,4.90651366037718,3.482,MBA
12.2,0.14,402,7638.0,0.0490369047657598,15.88554370454644,11.7198482813313,14.13,TJN
14.5,0.133,631,10377.0,0.081038837056422,10.22456781040122,5.39321576466733,4.187,MBA
16.0,0.432,568,7337.0,0.1541425850383812,7.854825645173237,3.34033091088723,1.398,MBA
11.7,0.136,938,12076.0,0.0588659672249719,13.99208850244305,11.7404937227834,18.934,TJN
16.0,0.034,53,5927.0,0.2098296645079705,1.454132268052267,7.83309348968609,4.351,OMB
14.8,0.052,435,7568.0,0.0149980079657323,12.93678661311138,5.82273238186507,6.707,OMB
15.9,0.071,60,7469.0,0.1423740604523926,16.60363258894905,5.74583751531469,4.547,OMB
12.7,0.113,388,6804.0,0.0409271656994395,8.63084875094076,11.5176791511022,11.95,TJN
12.3,0.11,649,17578.0,0.0027008348226372,4.120905519612836,12.165834849114,15.254,TJN
12.9,0.107,371,8421.0,0.1038033440836501,2.044557774452272,11.9057650407788,11.17,TJN
12.5,0.065,289,6747.0,0.0963366172736277,16.99900772876389,12.1491935302057,14.999,TJN
15.7,0.372,658,9161.0,0.1358065495133973,5.288132959354501,3.65456385574759,1.653,MBA
9.7,0.073,1978,25168.0,0.1655990646681359,22.69317175715465,11.6876240475806,59.295,TJN
14.2,0.048,350,7113.0,0.1617126205943452,8.569292247747377,7.91260249307403,9.219,OMB
14.6,0.056,514,21583.0,0.0750327599598636,20.47202725864447,5.81012271830494,7.413,OMB
12.4,0.113,527,8798.0,0.0729609993348586,1.852401808547075,12.3151096105378,13.698,TJN
11.8,0.065,1742,23464.0,0.1952821615953757,12.38131510293623,7.89286728191604,23.834,OMB
15.5,0.103,226,6150.0,0.1124016467918618,6.025895069642022,5.8067065900379,3.449,OMB
14.9,0.076,235,5290.0,0.124306462368529,17.53699344242024,6.39614339340848,5.79,OMB
12.7,0.067,211,9102.0,0.1363626675132498,25.42114988751852,11.8723203111759,16.954,TJN
12.3,0.131,657,7944.0,0.0414876192957873,1.723640245767691,11.7952955770115,13.334,TJN
12.6,0.067,246,5948.0,0.1739822320845305,20.54098446757732,11.869120046472,16.213,TJN
13.7,0.043,85,6393.0,0.0541331598825318,30.33498131456444,11.9939394249538,11.596,TJN
14.1,0.237,1008,7617.0,0.0555076697487893,22.64377271442711,4.45413299809257,4.135,MBA
12.9,0.071,199,5610.0,0.0523254518286664,13.26290067627746,12.1095114389945,12.568,TJN
11.6,0.054,950,11561.0,0.071030898940928,17.41652716064502,12.023518704915,28.649,TJN
15.7,0.044,204,8134.0,0.0908749247750615,10.57031143352497,5.17883562509529,3.656,MBA
12.8,0.101,237,6402.0,0.0720176877404286,9.189308351555438,11.8103817389208,13.256,TJN
14.8,0.266,999,8036.0,0.1201330622579359,14.01563246841335,4.3670184270531,3.395,MBA
16.4,0.03,97,6183.0,0.0588797678008046,10.53394000619251,5.78121273094358,3.815,OMB
15.1,0.054,628,21265.0,0.0250871576051116,0.0751557789220697,5.78460684281397,5.724,OMB
14.5,0.037,336,7074.0,0.1464953870540844,24.14544704092895,5.79533251663098,8.918,OMB
12.2,0.052,649,8802.0,0.0505206600725436,12.14938622885427,11.8222549642885,19.242,TJN
12.8,0.092,129,7181.0,0.100132524401747,23.83189792857652,11.7802757947623,13.858,TJN
14.9,0.054,216,5438.0,0.2694747096571397,29.49670994212357,5.74591056739318,6.279,OMB
14.2,0.105,1334,6919.0,0.2205863092745086,12.82427265389762,4.23021530670213,6.212,MBA
16.1,0.053,81,3970.0,0.0688334201236561,23.28711410027246,5.77997096747145,3.309,OMB
10.4,0.074,1667,23463.0,0.0591432007824901,19.75059015659121,11.8615817257583,44.546,TJN
13.0,0.088,224,6799.0,0.080623815040858,12.19138538326595,11.8692161046047,10.29,TJN
13.2,0.057,123,5967.0,0.0555779980635431,15.60570087970959,11.9564167324662,15.28,TJN
14.4,0.055,528,7851.0,0.0688712556823718,9.885111793392538,5.75674983769792,8.084,OMB
12.9,0.105,353,6443.0,0.0358715391186241,8.07971580224033,11.9585330261002,11.304,TJN
14.9,0.213,1268,14173.0,0.1918158005291798,1.93808791035295,3.69364895157626,3.16,MBA
13.5,0.242,992,7111.0,0.0980024133441903,11.37310183679801,5.86766427709381,6.193,OMB
14.7,0.057,654,7544.0,0.0720850788944652,5.470047608378434,5.7405645616022,6.668,OMB
14.7,0.067,408,8538.0,0.085212940517281,17.06039368023491,5.72470355031752,5.884,OMB
14.7,0.054,1301,7969.0,0.1176772942153717,3.153293505639046,3.77786753669315,6.511,MBA
13.1,0.051,125,5119.0,0.0386249520108019,25.96101983289498,11.9745606399563,14.091,TJN
13.2,0.05,346,6440.0,0.0349167624297493,15.74218543012656,11.6609283908308,13.578,TJN
15.9,0.062,14,1.0,0.0294254741346048,26.97625376672527,5.08120057258134,3.528,MBA
8.8,0.042,2257,21208.0,0.0890366503232651,20.90163241253543,11.91567299552,112.046,TJN
15.7,0.053,79,4502.0,0.3144677334334133,24.34139870375621,5.62837471053911,4.796,MBA
9.1,0.067,2534,17291.0,0.0691139475489163,1.854787328841819,11.7965072592018,74.267,TJN
14.9,0.208,604,6811.0,0.2002248717473644,13.35921989399512,4.11400436413034,3.197,MBA
14.2,0.551,1380,11595.0,0.0543497601903021,5.67575428996283,3.70153874769816,2.971,MBA
14.4,0.058,239,5938.0,0.1828396702985847,9.833219375587266,7.8783513981355,7.3,OMB
13.7,0.051,1751,17576.0,0.1903345012576429,2.326558498980794,5.42700125700226,9.135,MBA
11.3,0.069,2902,32165.0,0.1655908897108367,1.039256367259307,5.79309613784579,27.795,OMB
12.6,0.119,377,7204.0,0.0807355181920026,8.671237127312137,12.2036770798048,13.339,TJN
13.6,0.082,1037,7626.0,0.3023718892111585,17.82380243731149,5.37863192185236,9.694,MBA
12.0,0.056,557,8442.0,0.0138501987556535,20.28308220450878,11.6613369243914,24.406,TJN
14.6,0.178,1073,21413.0,0.0682181340957986,4.61749537754701,4.60228200609846,3.97,MBA
11.7,0.084,945,10377.0,0.0264756675651955,5.601539603329408,11.918951706415,21.915,TJN
15.3,0.06,337,6180.0,0.0108843248684502,3.392039940782739,5.80953443975557,4.965,OMB
13.9,0.061,850,9387.0,0.1077670131017748,16.4761048564059,5.75669402565812,9.316,OMB
16.0,0.062,127,6322.0,0.1347544092857167,3.827886680852085,5.31554550670011,3.54,MBA
13.3,0.064,1078,8717.0,0.0726884981768145,10.32631109270844,6.56523197551615,12.05,OMB
10.8,0.067,3148,27756.0,0.130169418119496,14.84543583810112,6.30394904661643,37.189,OMB
16.4,0.026,9,1.0,0.2817472591146924,26.62246723977627,5.27302370036046,4.323,MBA
14.0,0.071,1134,8301.0,0.1262391799699023,5.616847161037978,5.78564196644065,7.536,OMB
13.0,0.07,158,5913.0,0.0647878467150209,24.20458473583006,11.8576414877084,14.525,TJN
17.1,0.028,116,5614.0,0.0674642939608009,4.970004385859517,4.52022852349567,2.175,MBA
17.4,0.038,10,1.0,0.2165193791554116,11.30739829520517,5.75910995332787,2.258,OMB
15.7,0.031,196,5755.0,0.091876383497094,6.271606596909302,5.79828898116119,5.472,OMB
15.3,0.039,203,8429.0,0.1553693061093233,14.80768109160955,5.7069561028047,5.841,MBA
11.1,0.088,2066,16422.0,0.1178500798057027,8.206644143720393,7.81950301917759,24.603,OMB
14.9,0.315,1007,7690.0,0.0551244098584971,6.319426610272571,3.59242971904196,2.481,MBA
17.3,0.057,104,7118.0,0.2286101861130295,4.723924056094205,4.23558286096777,1.933,MBA
15.1,0.05,212,5679.0,0.0289852447697698,9.381221813954122,6.31695703830196,6.817,OMB
13.6,0.187,935,7207.0,0.0813420351725904,11.4551766472089,5.80501924933224,6.129,OMB
16.3,0.109,519,9569.0,0.1430446417651806,1.671761376334391,3.72004887987709,1.533,MBA
11.7,0.064,903,15191.0,0.1474578086222883,6.57281065773767,11.7030832192941,25.102,TJN
10.1,0.079,1400,11225.0,0.0454819051475318,25.97018003235019,11.7192556822712,49.528,TJN
14.3,0.057,722,7095.0,0.0467968062642938,8.320513966757291,5.44869252695393,8.437,MBA
12.4,0.089,590,15181.0,0.0753485269677409,8.703928678692359,11.9613831300285,15.422,TJN
13.1,0.076,197,8799.0,0.0584942477522885,12.13429629444741,12.2396561643318,11.045,TJN
16.2,0.043,367,5997.0,0.1818074485351785,5.463648558402268,3.7257315450833,4.062,MBA
15.6,0.349,358,5708.0,0.1876443878866892,15.36703550252173,4.32013491823579,1.872,MBA
15.5,0.3,671,7097.0,0.055669137182844,6.485767149768526,3.71114732148447,2.018,MBA
14.6,0.317,1102,7619.0,0.0412215082431812,12.91880250657916,4.32320917719941,3.413,MBA
14.3,0.049,349,5959.0,0.1804660191846763,7.95907458615789,7.79669451907355,8.329,OMB
13.4,0.09,1075,7590.0,0.0596831493486106,23.12850962972527,5.78016512376084,10.166,OMB
14.3,0.039,82,3573.0,0.0998255562407547,6.746899655592476,12.1443922634058,9.742,TJN
13.8,0.081,1268,10095.0,0.147612501140273,2.338479751035193,5.75037777357036,7.406,OMB
14.7,0.048,404,8452.0,0.1424591961991899,13.22584981106854,5.72807688349684,6.588,OMB
14.4,0.081,654,7530.0,0.1193186485053166,20.44648104106329,5.80067438243214,7.42,OMB
14.5,0.061,844,9891.0,0.051863266149764,8.606642081064658,4.61192315149495,6.783,MBA
16.2,0.073,8,1.0,0.1620384230124203,7.180170496961112,5.81344425744212,2.83,OMB
15.7,0.047,192,8221.0,0.1652259797710373,23.28569492094878,4.16391578445084,4.636,MBA
11.8,0.072,743,11193.0,0.0996258341311884,16.92847105935166,11.6509035533377,23.785,TJN
14.9,0.054,576,7150.0,0.1911902982921723,1.22642465345369,5.73587748889123,5.745,OMB
12.0,0.093,535,7207.0,0.1287715741823375,14.54762104456747,11.8591670111701,19.953,TJN
16.6,0.077,89,3097.0,0.161968396629785,11.33771381713356,5.55230739158229,2.759,MBA
13.8,0.068,143,8363.0,0.0824816057932697,7.004954226366777,12.2020252977483,9.308,TJN
15.3,0.071,651,7068.0,0.0281974638369856,6.746739854507107,4.49620785841587,4.987,MBA
17.5,0.06,85,3510.0,0.2359295406944132,4.98477933082924,3.74444007854964,1.716,MBA
14.7,0.039,537,7087.0,0.1205581473343399,18.14379912830159,5.77464354842744,8.449,OMB
14.7,0.058,523,7173.0,0.116669056184164,18.69409519984778,5.8493165236059,6.974,OMB
14.4,0.083,472,6096.0,0.057975848464511,15.47546893597135,6.26020009740193,6.658,OMB
14.2,0.109,1523,13091.0,0.2593765985099408,7.095468526769427,4.57371648989226,6.957,MBA
14.0,0.146,1617,9039.0,0.0704189068629378,3.419452661095618,4.4474484731231,6.049,MBA
16.6,0.032,26,91.0,0.4736921228071747,11.14089780099115,7.22296150680443,3.549,OMB
16.7,0.034,48,3488.0,0.1363593902865686,22.19292547154196,5.77620437510467,3.314,OMB
16.8,0.069,86,6242.0,0.1712553233002101,10.0462975927295,5.62769869579817,2.647,MBA
15.8,0.236,517,7791.0,0.1383001125079277,10.75125507364902,4.21993548209992,2.075,MBA
14.4,0.058,855,21321.0,0.2110993522243821,2.55509840669011,5.71847942296351,6.638,MBA
14.4,0.063,789,8876.0,0.1727052439492759,1.497961525028525,5.76238074804165,7.302,OMB
15.6,0.013,113,4876.0,0.1519778214845103,20.1897725640043,5.74080373697577,5.35,OMB
16.5,0.059,280,6737.0,0.1826800690639688,5.421801884245604,4.29208055960708,3.005,MBA
14.7,0.082,825,9922.0,0.196352602578905,12.21509989742177,4.42690004655073,5.594,MBA
13.5,0.125,1382,10279.0,0.0794731080760953,9.873391284406797,5.75230906907011,8.232,OMB
14.5,0.085,674,10223.0,0.1114178550025956,2.277576124336058,5.74778437584342,5.732,OMB
15.8,0.033,98,5465.0,0.1869355545105641,1.925131719448013,7.87961079342323,5.288,OMB
14.4,0.342,1444,10545.0,0.1142061487926622,5.542366652807747,3.71439676985451,3.136,MBA
16.2,0.066,344,7620.0,0.2110736260807674,10.42768952053272,4.2874394579001,3.429,MBA
14.6,0.569,1190,10110.0,0.1483756361248882,6.482603298688471,3.63899359001721,2.547,MBA
17.2,0.055,46,3431.0,0.2547881425290052,13.23407734129683,4.23750666590966,1.972,MBA
14.5,0.123,1080,7269.0,0.1663494846347182,10.61862257347134,4.24455039971391,3.966,MBA
14.8,0.287,856,10676.0,0.2427169296794918,22.6031246517261,3.71140296145754,3.124,MBA
12.7,0.366,1795,12979.0,0.2905502193066062,12.26824433264539,4.12869488157511,6.637,MBA
15.1,0.183,404,7202.0,0.0577999028285245,9.408246829369672,5.20161161124803,3.566,MBA
15.0,0.062,164,5658.0,0.0534340534495529,10.84981648185585,6.3827400880488,6.123,OMB
15.7,0.145,296,5338.0,0.2264623016041263,33.70652629794068,4.50117197255439,2.903,MBA
15.4,0.072,320,7652.0,0.1369062931402312,13.63802769538555,5.42570189639199,3.922,MBA
14.6,0.05,219,6770.0,0.1084152805591438,4.087923203257957,7.85685857657111,7.499,OMB
15.3,0.256,793,10242.0,0.1113903928494633,5.695173603534098,3.57251727879729,2.394,MBA
10.5,0.067,1461,11169.0,0.1127771559702443,17.09963723913738,11.9025535081493,42.613,TJN
15.1,0.075,195,7117.0,0.1932517738486848,26.33131264109459,5.59354186564268,5.092,MBA
13.4,0.05,160,5990.0,0.1266223576050169,31.28818891267768,11.7569055200681,10.79,TJN
16.1,0.099,140,3921.0,0.1661523443132631,13.89177595632304,4.30019009843531,2.54,MBA
11.7,0.075,731,10429.0,0.0672944709883673,19.80812387352984,12.2408175955853,23.288,TJN
12.6,0.089,233,5967.0,0.1636677792508936,13.14059933244164,11.9700227776175,14.099,TJN
13.4,0.109,149,6340.0,0.1213309078480007,8.225127440413576,11.9346594408405,10.104,TJN
12.4,0.153,333,13039.0,0.0175196245122826,25.674424172123,11.4922596461715,14.152,TJN
15.6,0.063,620,7660.0,0.1834913911006304,11.13582225972608,4.21216861645381,4.619,MBA
15.2,0.197,905,13327.0,0.0636729929524452,4.638184694335163,4.34213800608011,2.997,MBA
16.5,0.039,105,5741.0,0.1148442669654496,9.888061053717504,5.54617474808669,3.696,MBA
12.7,0.094,295,7963.0,0.1337668467053619,10.05879274485611,11.9858706017173,13.704,TJN
14.8,0.038,507,9735.0,0.1438456545464456,0.1260696740713591,5.84499131944571,6.216,OMB
13.9,0.061,129,8823.0,0.1213914313595781,4.86704309437061,11.9222217476961,8.56,TJN
15.6,0.052,251,5396.0,0.1395213683013963,3.440471223584929,5.75079913832166,4.609,OMB
12.1,0.136,614,12017.0,0.1196585570128951,14.82671174332546,11.8976107679539,17.26,TJN
10.6,0.082,1109,25130.0,0.1120484299311169,30.91188141397502,11.9655555272807,38.583,TJN
14.1,0.163,1374,10464.0,0.0877735553796167,9.701833018936949,4.29496404167923,5.218,MBA
15.6,0.033,192,6125.0,0.1002131399931004,5.530196723224477,6.45630220796446,5.812,OMB
15.9,0.049,19,4.0,0.120494851980847,26.59318525076269,6.34479466902067,3.949,OMB
15.8,0.06,620,6788.0,0.2140721590602641,1.757744168835082,4.35427616824231,4.104,MBA
14.7,0.069,517,7532.0,0.1074745158247077,6.436587282205535,5.84273282542207,6.661,OMB
12.2,0.066,483,8405.0,0.0289402457037898,15.50271598517073,11.7314235932708,19.594,TJN
15.7,0.086,192,4957.0,0.0640288179883295,16.49060104798578,5.53326952798421,3.428,MBA
15.6,0.032,145,3626.0,0.1275481115163618,18.70989231753774,5.75456264780226,4.9,OMB
15.1,0.054,227,6198.0,0.2275554156483532,25.58046761303332,5.73549149787198,6.281,OMB
14.7,0.153,625,9547.0,0.0416449180840475,10.90951743570427,5.2102606044383,4.278,MBA
10.8,0.064,1588,15709.0,0.0572838381664002,9.148802538537248,11.9103730013656,37.98,TJN
14.9,0.044,494,8535.0,0.2189074434843744,10.00601713525564,5.38272258067032,7.281,MBA
11.5,0.056,793,24010.0,0.1177935513629673,22.42655775441442,11.7195916654079,28.168,TJN
14.5,0.162,476,7510.0,0.1693823532767648,20.01919971145016,5.76370559771635,4.564,OMB
13.8,0.271,902,7663.0,0.0729606884187343,16.33511067594352,5.49967105748158,4.865,MBA
15.1,0.027,164,5316.0,0.0484846512418043,12.98312008982357,5.79723465553342,4.613,OMB
11.5,0.107,1063,11251.0,0.0645638713463961,4.915012919799739,11.7019159532983,21.3,TJN
12.3,0.085,720,11195.0,0.0876815371053421,11.72879984609599,11.8700215659044,17.291,TJN
16.7,0.046,167,6667.0,0.2160564681320529,5.01858872673442,4.51217909607889,2.708,MBA
13.6,0.071,800,7592.0,0.0251029860910371,20.60742734824786,5.85162428111144,10.386,OMB
14.9,0.047,356,8975.0,0.0908257368966651,14.72981481636964,5.48708249494542,6.725,MBA
13.3,0.112,1111,8147.0,0.0720155404526621,14.011210394769,5.78563423832048,8.824,OMB
14.5,0.099,216,7177.0,0.1125690030846202,4.832796966359586,7.84571370323711,7.322,OMB
16.4,0.05,252,6801.0,0.2207221952705945,11.17860579142934,4.1413105856292,3.574,MBA
12.8,0.096,370,7644.0,0.0307124092358553,7.62959387356307,11.5881830942594,12.373,TJN
13.2,0.434,1485,8180.0,0.0519793870770463,15.41445875887599,4.19125663690541,5.304,MBA
12.6,0.052,447,11180.0,0.0627053294223484,3.6084804914335,11.9631915676215,18.41,TJN
14.4,0.075,706,7709.0,0.0682311567072916,6.522623556368388,5.19429644340235,6.703,MBA
10.5,0.08,1423,24011.0,0.0821734505039,25.29313368046287,11.6419365028552,40.946,TJN
15.4,0.05,124,5291.0,0.0538797162729035,14.88548482267191,5.83958896424912,5.695,OMB
10.5,0.081,1541,14773.0,0.161604956528549,16.77922722250842,11.7841994433869,38.923,TJN
11.2,0.074,960,23988.0,0.0278057101829488,22.52269189545147,12.1003210907797,29.392,TJN
10.4,0.065,1495,15515.0,0.0762265926243201,24.41596735639649,11.9425417270473,47.396,TJN
14.5,0.038,329,6750.0,0.2451186075679095,8.68687109752926,7.85565811727109,7.842,OMB
15.1,0.074,127,9208.0,0.1093970986446409,13.0009548950084,7.87127931420045,5.129,OMB
12.5,0.092,608,8445.0,0.0237583523876556,5.128790020903435,11.5223786607898,16.654,TJN
12.8,0.059,256,6396.0,0.0190826313841856,11.81320341820455,12.0242272291517,15.756,TJN
13.7,0.059,95,6000.0,0.0363732368468729,6.145233599829359,11.5988865054028,10.434,TJN
14.7,0.039,188,6733.0,0.1058389532234147,7.715026903258295,7.77162829245465,7.77,OMB
15.6,0.042,336,7265.0,0.0279476142830875,2.161131597628923,5.2091213006899,4.677,MBA
13.0,0.081,192,7192.0,0.1056256223926701,18.92604045538907,11.7809428037374,13.442,TJN
15.7,0.159,187,5852.0,0.0566429923173132,9.127165400395318,5.76934923309816,3.49,OMB
14.0,0.063,1168,11349.0,0.1585394970586725,2.537242682424687,5.79317815777874,8.29,OMB
16.1,0.038,66,3976.0,0.0703604273352904,9.876536034270291,5.74834823925101,4.296,OMB
11.1,0.08,856,24767.0,0.0428887874970591,12.55040655890219,11.5923211157811,28.389,TJN
11.1,0.061,2035,32140.0,0.0338531844013213,8.609182321691094,7.79695994971039,32.472,OMB
14.5,0.076,668,7095.0,0.1512259501178429,5.331665615035611,5.74018447525901,5.801,OMB
13.9,0.08,1323,7198.0,0.1053300659941989,6.983476210522763,5.73149214320395,8.547,OMB
13.6,0.086,1129,8473.0,0.0875096024728327,8.343072557590679,5.77827066462797,9.461,OMB
13.0,0.476,2293,16311.0,0.1335222253916663,6.647890853695846,3.56778311329909,5.307,MBA
15.0,0.081,486,7505.0,0.1125274968367982,3.807945622389536,5.8478987329245,5.353,OMB
16.5,0.09,71,3032.0,0.1007806419935008,10.03796885174777,5.43985586937756,2.927,MBA
13.6,0.217,1668,10598.0,0.1170618110397014,14.43479449271651,4.18544533298216,4.959,MBA
15.5,0.054,318,7994.0,0.2244649128371536,11.65530281507743,4.51540597025922,4.532,MBA
11.9,0.149,585,7584.0,0.0781428369146156,16.03754554504475,11.8186742323595,18.944,TJN
10.9,0.055,1855,40672.0,0.1142265083799535,11.10666953777203,7.80309295498047,35.914,OMB
15.1,0.091,404,6256.0,0.2000286175545038,15.55631588959325,5.56484535804771,4.832,MBA
14.1,0.062,618,9048.0,0.0728249796594464,10.73401518279707,6.55253977475448,8.436,OMB
15.6,0.234,942,10495.0,0.1392961659541644,4.640095404232388,3.40359357460198,2.622,MBA
15.3,0.134,166,3262.0,0.1406317192370899,28.01148472158868,5.72987003449589,5.24,OMB
13.3,0.066,105,5237.0,0.1534142088181378,14.73005067505438,11.6904821592314,10.335,TJN
13.0,0.069,1423,8568.0,0.1017470372408977,7.685359505533633,6.26527396880507,13.971,OMB
15.9,0.051,394,7051.0,0.109493404980176,2.75881062619358,4.62953934992961,4.454,MBA
16.0,0.036,122,3581.0,0.1149385064146437,8.454334308812836,5.76248919330408,4.442,OMB
15.8,0.027,124,4820.0,0.0745213487141184,8.199710177791667,6.23845308479038,5.318,OMB
15.6,0.232,1061,7738.0,0.1695497155049087,3.410195732576867,4.07989100251961,2.296,MBA
12.4,0.052,431,12824.0,0.0764106225463249,27.25681119731976,11.5042120598091,21.208,TJN
13.4,0.073,129,8411.0,0.060438808801364,28.35189043529359,11.7515185384103,10.774,TJN
11.9,0.052,734,15160.0,0.0316148881301136,8.03638705698881,11.9070567536657,20.267,TJN
10.7,0.101,1674,21584.0,0.0374557253916914,4.945905061833405,11.4975751298261,31.736,TJN
12.4,0.07,1473,15331.0,0.053495268011608,2.678528421424771,7.93899478436039,18.244,OMB
16.6,0.052,200,7539.0,0.0665937518259385,3.817318428048585,4.40854115673779,2.918,MBA
13.6,0.046,1024,10246.0,0.1200734813148134,16.78532688195815,5.83523425210849,14.821,OMB
15.6,0.072,231,6254.0,0.0959770370198105,10.06402606491563,5.81278811374311,4.309,OMB
12.5,0.072,1453,15482.0,0.061695240290323,9.503166823496612,5.82496170387702,17.133,OMB
12.5,0.067,247,7566.0,0.0351198635279728,19.86579793471343,12.1412095235436,18.598,TJN
15.8,0.055,379,6665.0,0.2223616211707164,9.8808112930059,4.57909563587751,4.349,MBA
14.5,0.103,554,6258.0,0.0968204391972025,12.56998066865374,5.79354439471935,5.707,OMB
15.4,0.055,124,4343.0,0.074516934123867,22.49041411109881,5.77348679433772,4.729,OMB
16.7,0.045,255,6013.0,0.0919274532764815,5.907489820962,3.80258501061067,2.622,MBA
